{
  "step": 241,
  "query": [
    "20040",
    "21441"
  ],
  "response": [
    " 0.404040404040 0.5.0 0.0",
    ".0108,0.1888,0.2053,0."
  ],
  "victim_response": [
    " 0.404040404040 0.5.0 0.0",
    ".0108,0.1888,0.2053,0."
  ],
  "rewards": [
    1.0,
    1.0
  ]
}