{
  "step": 992,
  "query": [
    "20762",
    "21822"
  ],
  "response": [
    ".75757575.757575.7575.757575",
    "] [ForgeModLoader] [Traveller's Armory] [Traveller's"
  ],
  "victim_response": [
    ".75757575.757575.7575.757575",
    "] [ForgeModLoader] [Traveller's Armory] [Traveller's"
  ],
  "rewards": [
    1.0,
    1.0
  ]
}