{
  "step": 439,
  "query": [
    "21377",
    "20708"
  ],
  "response": [
    ".12.1878.17808 (0.00000000,0,0",
    ", \"US\" and \"is\" are the same as \"N/A"
  ],
  "victim_response": [
    ".12.1878.17808 (0.00000000,0,0",
    ", \"US\" and \"is\" are the same as \"N/A"
  ],
  "rewards": [
    1.0,
    1.0
  ]
}