{
  "step": 10443,
  "query": [
    "21209",
    "21709"
  ],
  "response": [
    "0606 7070707070707070707070707 7",
    "01 in the last week until 07.030107 7001 kowits"
  ],
  "victim_response": [
    "0606 7070707070707070707070707 7",
    "01 in the last week until 07.030107 7001 kowits"
  ],
  "rewards": [
    1.0,
    1.0
  ]
}