{
  "step": 5080,
  "query": [
    "20257",
    "20787"
  ],
  "response": [
    "301400 \"2\" Fwkeid 3 1d846d",
    ".17695000;00.0000000052dd109808000D8"
  ],
  "victim_response": [
    "301400 \"2\" Fwkeid 3 1d846d",
    ".17695000;00.0000000052dd109808000D8"
  ],
  "rewards": [
    1.0,
    1.0
  ]
}