{
  "step": 3381,
  "query": [
    "20120",
    "20252"
  ],
  "response": [
    " 1,06,39009 to 1,000.00038 <47D",
    ".com\nTop of the Fandomation Day: $5 G2S"
  ],
  "victim_response": [
    " 1,06,39009 to 1,000.00038 <47D",
    ".com\nTop of the Fandomation Day: $5 G2S"
  ],
  "rewards": [
    1.0,
    1.0
  ]
}