{
  "step": 932,
  "query": [
    "20403",
    "21672"
  ],
  "response": [
    "-3734.html.\n\nI don't see anything in the media",
    ".47983.056589 $100.00 $100.00"
  ],
  "victim_response": [
    "-3734.html.\n\nI don't see anything in the media",
    ".47983.056589 $100.00 $100.00"
  ],
  "rewards": [
    1.0,
    1.0
  ]
}