{
  "step": 161,
  "query": [
    "20341",
    "21000"
  ],
  "response": [
    " to 2152, 20.085 to $4200, 8.08",
    "55.00\n\n3.00770071\n\n3.00000000"
  ],
  "victim_response": [
    " to 2152, 20.085 to $4200, 8.08",
    "55.00\n\n3.00770071\n\n3.00000000"
  ],
  "rewards": [
    1.0,
    1.0
  ]
}