{
  "step": 288,
  "query": [
    "21292",
    "20655"
  ],
  "response": [
    "1523,749.9929087,37.7555,",
    "25_up_rate_with_twi_up_up_rate"
  ],
  "victim_response": [
    "1523,749.9929087,37.7555,",
    "25_up_rate_with_twi_up_up_rate"
  ],
  "rewards": [
    1.0,
    1.0
  ]
}