{
  "step": 917,
  "query": [
    "21377",
    "20401"
  ],
  "response": [
    ",6,,7,10,11,12,13,14,",
    ", 15.500003, 15.5000040000, 16."
  ],
  "victim_response": [
    ",6,,7,10,11,12,13,14,",
    ", 15.500003, 15.5000040000, 16."
  ],
  "rewards": [
    1.0,
    1.0
  ]
}