{
  "step": 2209,
  "query": [
    "20786",
    "20040"
  ],
  "response": [
    "49000 attRot = 0.007985,0,0.788",
    ", '0', d2_0, d2, '1' ["
  ],
  "victim_response": [
    "49000 attRot = 0.007985,0,0.788",
    ", '0', d2_0, d2, '1' ["
  ],
  "rewards": [
    1.0,
    1.0
  ]
}