{
  "step": 407,
  "query": [
    "20401",
    "20497"
  ],
  "response": [
    "-0003.0000000000000001.00000020.0000000100000001.",
    "27\n\nS204843\n\nA-1-1-1"
  ],
  "victim_response": [
    "-0003.0000000000000001.00000020.0000000100000001.",
    "27\n\nS204843\n\nA-1-1-1"
  ],
  "rewards": [
    1.0,
    1.0
  ]
}