{
  "step": 391,
  "query": [
    "20158",
    "20463"
  ],
  "response": [
    "70848\",\"6.0.5.60000.0409.0",
    "-260028-2\n\nThis is a \"hidden\" game in"
  ],
  "victim_response": [
    "70848\",\"6.0.5.60000.0409.0",
    "-260028-2\n\nThis is a \"hidden\" game in"
  ],
  "rewards": [
    1.0,
    1.0
  ]
}