{
  "step": 1650,
  "query": [
    "21924",
    "21125"
  ],
  "response": [
    "\n\nA-1\n\nC-4.6 (B)\n",
    "35.1444758893 (M)\n\n(1)\n"
  ],
  "victim_response": [
    "\n\nA-1\n\nC-4.6 (B)\n",
    "35.1444758893 (M)\n\n(1)\n"
  ],
  "rewards": [
    1.0,
    1.0
  ]
}