{
  "step": 1550,
  "query": [
    "20934",
    "20762"
  ],
  "response": [
    "1394160112022017.0011902601\n\n>",
    " A more and a very small number.\n\n#8: The Companion's"
  ],
  "victim_response": [
    "1394160112022017.0011902601\n\n>",
    " A more and a very small number.\n\n#8: The Companion's"
  ],
  "rewards": [
    1.0,
    1.0
  ]
}