{
  "step": 2382,
  "query": [
    "21547",
    "20762"
  ],
  "response": [
    " - 158,7,2,6.1 7,\"3658\",\"2",
    ".0 a_Holes: 1 Tx = 3.626667"
  ],
  "victim_response": [
    " - 158,7,2,6.1 7,\"3658\",\"2",
    ".0 a_Holes: 1 Tx = 3.626667"
  ],
  "rewards": [
    1.0,
    1.0
  ]
}