{
  "step": 2418,
  "query": [
    "20547",
    "20158"
  ],
  "response": [
    "-9031.72056-2978-1\",\"4ccmf",
    "609911292435771 1.49140377222918"
  ],
  "victim_response": [
    "-9031.72056-2978-1\",\"4ccmf",
    "609911292435771 1.49140377222918"
  ],
  "rewards": [
    1.0,
    1.0
  ]
}