{
  "step": 4325,
  "query": [
    "20401",
    "20158"
  ],
  "response": [
    " 70711 637.2086577656936377303073",
    "S9pV6EaKjXD9wqXg"
  ],
  "victim_response": [
    " 70711 637.2086577656936377303073",
    "S9pV6EaKjXD9wqXg"
  ],
  "rewards": [
    1.0,
    1.0
  ]
}