{
  "step": 4591,
  "query": [
    "20547",
    "21082"
  ],
  "response": [
    "7042\",5.92032551C\" \"3461F\"",
    "\n\nMotion Type: Rifles, M1901I Pistol, M15"
  ],
  "victim_response": [
    "7042\",5.92032551C\" \"3461F\"",
    "\n\nMotion Type: Rifles, M1901I Pistol, M15"
  ],
  "rewards": [
    1.0,
    1.0
  ]
}