{
  "step": 1463,
  "query": [
    "21368",
    "21392"
  ],
  "response": [
    ",7.65 xor -40.00% of the area-size",
    ".54,2.8.772885,0,Dyn13"
  ],
  "victim_response": [
    ",7.65 xor -40.00% of the area-size",
    ".54,2.8.772885,0,Dyn13"
  ],
  "rewards": [
    1.0,
    1.0
  ]
}