{
  "step": 2000,
  "query": [
    "21888",
    "20934"
  ],
  "response": [
    "23\n\n#2. barricade.\n\n#3.\n",
    "330065593553516 0.127946149063965"
  ],
  "victim_response": [
    "23\n\n#2. barricade.\n\n#3.\n",
    "330065593553516 0.127946149063965"
  ],
  "rewards": [
    1.0,
    1.0
  ]
}