{
  "step": 790,
  "query": [
    "21634",
    "21845"
  ],
  "response": [
    ": New Horizons data: * n: 7,7,7,7,",
    "23,0,0,\\\" 202049.0000000000000,000000000000"
  ],
  "victim_response": [
    ": New Horizons data: * n: 7,7,7,7,",
    "23,0,0,\\\" 202049.0000000000000,000000000000"
  ],
  "rewards": [
    1.0,
    1.0
  ]
}