{
  "step": 1738,
  "query": [
    "21363",
    "20497"
  ],
  "response": [
    "2464956745665646763,8.88131377",
    ",\"cl-sensor:h2n,h3-h3-"
  ],
  "victim_response": [
    "2464956745665646763,8.88131377",
    ",\"cl-sensor:h2n,h3-h3-"
  ],
  "rewards": [
    1.0,
    1.0
  ]
}