{
  "step": 3507,
  "query": [
    "21356",
    "20901"
  ],
  "response": [
    "19 1.33822 1.90434 G1 = 1 1",
    "2712171775 2, 0)\ns040000008f0"
  ],
  "victim_response": [
    "19 1.33822 1.90434 G1 = 1 1",
    "2712171775 2, 0)\ns040000008f0"
  ],
  "rewards": [
    1.0,
    1.0
  ]
}