{
  "step": 318,
  "query": [
    "20045",
    "20331"
  ],
  "response": [
    "79,12.0372879,0.020113,0",
    "\n\n6.375333\n\n.333\n\n.333\n\n"
  ],
  "victim_response": [
    "79,12.0372879,0.020113,0",
    "\n\n6.375333\n\n.333\n\n.333\n\n"
  ],
  "rewards": [
    1.0,
    1.0
  ]
}