{
  "step": 780,
  "query": [
    "21888",
    "20786"
  ],
  "response": [
    "2860 77524,984.303030 87615,",
    "B1D5A2C3C5A6F2C5"
  ],
  "victim_response": [
    "2860 77524,984.303030 87615,",
    "B1D5A2C3C5A6F2C5"
  ],
  "rewards": [
    1.0,
    1.0
  ]
}