{
  "step": 295,
  "query": [
    "21950",
    "21707"
  ],
  "response": [
    ".00%2D-D-1D-G_C_W",
    "/2015 - 09:52:29.00 -0.87878"
  ],
  "victim_response": [
    ".00%2D-D-1D-G_C_W",
    "/2015 - 09:52:29.00 -0.87878"
  ],
  "rewards": [
    1.0,
    1.0
  ]
}