{
  "step": 667,
  "query": [
    "21925",
    "21924"
  ],
  "response": [
    "66\n\n35.95349\n\n36.58013326\n",
    ".99 (27.00) \u2014 AUGUST 2016, 4.47"
  ],
  "victim_response": [
    "66\n\n35.95349\n\n36.58013326\n",
    ".99 (27.00) \u2014 AUGUST 2016, 4.47"
  ],
  "rewards": [
    1.0,
    1.0
  ]
}