{
  "step": 1540,
  "query": [
    "20266",
    "21845"
  ],
  "response": [
    "] [GDF3 NPC Factory] [0/0] [07:",
    ",00:03:1.18,0.004742,0"
  ],
  "victim_response": [
    "] [GDF3 NPC Factory] [0/0] [07:",
    ",00:03:1.18,0.004742,0"
  ],
  "rewards": [
    1.0,
    1.0
  ]
}