{
  "step": 201,
  "query": [
    "21191",
    "20010"
  ],
  "response": [
    ":470,535)\n\nThe following is a list of all of the",
    ".03000 -0.00110000 -0.00210000 -"
  ],
  "victim_response": [
    ":470,535)\n\nThe following is a list of all of the",
    ".03000 -0.00110000 -0.00210000 -"
  ],
  "rewards": [
    1.0,
    1.0
  ]
}