{
  "step": 2362,
  "query": [
    "20612",
    "21845"
  ],
  "response": [
    "01 \u2013 9.0C%\n\n637.0301529 \u2013",
    "61, 0.731894, 0.58832542971,"
  ],
  "victim_response": [
    "01 \u2013 9.0C%\n\n637.0301529 \u2013",
    "61, 0.731894, 0.58832542971,"
  ],
  "rewards": [
    1.0,
    1.0
  ]
}