{
  "step": 1755,
  "query": [
    "21181",
    "20925"
  ],
  "response": [
    ", likely\n\n3.0\n\n4.5\n\nS",
    "34,0.991086,0.002834,0."
  ],
  "victim_response": [
    ", likely\n\n3.0\n\n4.5\n\nS",
    "34,0.991086,0.002834,0."
  ],
  "rewards": [
    1.0,
    1.0
  ]
}