{
  "step": 841,
  "query": [
    "21145",
    "20697"
  ],
  "response": [
    "4532/8354532?v=%2749292831",
    "-1.0.0000000000000010.md5.dll_amd64"
  ],
  "victim_response": [
    "4532/8354532?v=%2749292831",
    "-1.0.0000000000000010.md5.dll_amd64"
  ],
  "rewards": [
    1.0,
    1.0
  ]
}