{
  "step": 5890,
  "query": [
    "20266",
    "20762"
  ],
  "response": [
    "Bbcccccccccccccccccccccccccccc",
    ",909.307573\"a\" (1964078012573"
  ],
  "victim_response": [
    "Bbcccccccccccccccccccccccccccc",
    ",909.307573\"a\" (1964078012573"
  ],
  "rewards": [
    1.0,
    1.0
  ]
}