{
  "step": 3831,
  "query": [
    "20648",
    "21760"
  ],
  "response": [
    "2972\"} ( the \"x\" \"1\" \"1\" \"x",
    "225.9374777,0400948:532322,"
  ],
  "victim_response": [
    "2972\"} ( the \"x\" \"1\" \"1\" \"x",
    "225.9374777,0400948:532322,"
  ],
  "rewards": [
    1.0,
    1.0
  ]
}