{
  "step": 4444,
  "query": [
    "20887",
    "21108"
  ],
  "response": [
    ":0befd e5f4660ec8d7cc58",
    " 1.492171971 539292041351269182604"
  ],
  "victim_response": [
    ":0befd e5f4660ec8d7cc58",
    " 1.492171971 539292041351269182604"
  ],
  "rewards": [
    1.0,
    1.0
  ]
}