{
  "step": 8482,
  "query": [
    "21620",
    "20757"
  ],
  "response": [
    "88be02dbeauauauauauauauauauauau",
    "11797.000453D6D6D6D6D6D"
  ],
  "victim_response": [
    "88be02dbeauauauauauauauauauauau",
    "11797.000453D6D6D6D6D6D"
  ],
  "rewards": [
    1.0,
    1.0
  ]
}