{
  "step": 3988,
  "query": [
    "21772",
    "20067"
  ],
  "response": [
    "457217687217224011840813067872047",
    ".5200 kWh 1 44575 54.03574031884735"
  ],
  "victim_response": [
    "457217687217224011840813067872047",
    ".5200 kWh 1 44575 54.03574031884735"
  ],
  "rewards": [
    1.0,
    1.0
  ]
}