{
  "step": 4092,
  "query": [
    "20887",
    "21620"
  ],
  "response": [
    ".4826 R8 / and gamingAC2.28117421 R",
    "00010-ShaeJ0DE/dYsdZc3w"
  ],
  "victim_response": [
    ".4826 R8 / and gamingAC2.28117421 R",
    "00010-ShaeJ0DE/dYsdZc3w"
  ],
  "rewards": [
    1.0,
    1.0
  ]
}