{
  "step": 2898,
  "query": [
    "20120",
    "21292"
  ],
  "response": [
    ", Amen. 5914.06144530 the watch, to the dick",
    "c4c791948b8a84f7b7d5"
  ],
  "victim_response": [
    ", Amen. 5914.06144530 the watch, to the dick",
    "c4c791948b8a84f7b7d5"
  ],
  "rewards": [
    1.0,
    1.0
  ]
}