{
  "step": 2154,
  "query": [
    "20418",
    "20626"
  ],
  "response": [
    " (1), CA 17417 (1) face the right to obtain justice for",
    " 1.5013 9.500341 1.5160712 1."
  ],
  "victim_response": [
    " (1), CA 17417 (1) face the right to obtain justice for",
    " 1.5013 9.500341 1.5160712 1."
  ],
  "rewards": [
    1.0,
    1.0
  ]
}