{
  "step": 887,
  "query": [
    "20155",
    "21288"
  ],
  "response": [
    "2390805(4)\n\nShenzhen.M.F-",
    " 5.0003364 6.00056 7.8.00035 8"
  ],
  "victim_response": [
    "2390805(4)\n\nShenzhen.M.F-",
    " 5.0003364 6.00056 7.8.00035 8"
  ],
  "rewards": [
    1.0,
    1.0
  ]
}