{
  "step": 4016,
  "query": [
    "21356",
    "20178"
  ],
  "response": [
    "1374330374573679042477778737\" data",
    ".194771,82.03747m,0M_08"
  ],
  "victim_response": [
    "1374330374573679042477778737\" data",
    ".194771,82.03747m,0M_08"
  ],
  "rewards": [
    1.0,
    1.0
  ]
}