{
  "step": 519,
  "query": [
    "20040",
    "20916"
  ],
  "response": [
    ".00 $3.25 $5.40.00\n\nY-",
    "80,-5.12836424,-0.947373875"
  ],
  "victim_response": [
    ".00 $3.25 $5.40.00\n\nY-",
    "80,-5.12836424,-0.947373875"
  ],
  "rewards": [
    1.0,
    1.0
  ]
}