{
  "step": 5274,
  "query": [
    "20670",
    "20865"
  ],
  "response": [
    "/gaz4d, newmozspace2feb5b9",
    "62.79463782 (000539D5C) 00074"
  ],
  "victim_response": [
    "/gaz4d, newmozspace2feb5b9",
    "62.79463782 (000539D5C) 00074"
  ],
  "rewards": [
    1.0,
    1.0
  ]
}