{
  "step": 601,
  "query": [
    "21000",
    "21984"
  ],
  "response": [
    "3,1.0200004e+0000,0.0+0000",
    ".bemgd.\n\nkde.t1.1.\n"
  ],
  "victim_response": [
    "3,1.0200004e+0000,0.0+0000",
    ".bemgd.\n\nkde.t1.1.\n"
  ],
  "rewards": [
    1.0,
    1.0
  ]
}