{
  "step": 164,
  "query": [
    "21543",
    "20266"
  ],
  "response": [
    ",634,215545.6,1.056620,",
    " (11.0% 100.0) 20.3597 (10."
  ],
  "victim_response": [
    ",634,215545.6,1.056620,",
    " (11.0% 100.0) 20.3597 (10."
  ],
  "rewards": [
    1.0,
    1.0
  ]
}