{
  "step": 486,
  "query": [
    "21191",
    "20401"
  ],
  "response": [
    " 0.0762245874 0.0.0.0.0",
    ") 10.9.1.10 (1) 10.9.1"
  ],
  "victim_response": [
    " 0.0762245874 0.0.0.0.0",
    ") 10.9.1.10 (1) 10.9.1"
  ],
  "rewards": [
    1.0,
    1.0
  ]
}