{
  "step": 3629,
  "query": [
    "21810",
    "20925"
  ],
  "response": [
    "87 DTC 5 0.668260 5-YBS 24 2019",
    "2362/1093847855.pridLpdf\" key. I"
  ],
  "victim_response": [
    "87 DTC 5 0.668260 5-YBS 24 2019",
    "2362/1093847855.pridLpdf\" key. I"
  ],
  "rewards": [
    1.0,
    1.0
  ]
}