{
  "step": 911,
  "query": [
    "20067",
    "20836"
  ],
  "response": [
    ".0000000000001000000000000 23.0000000000000000001000000000000 0000",
    "8855 T:4567407890.jpg\n\n22.97"
  ],
  "victim_response": [
    ".0000000000001000000000000 23.0000000000000000001000000000000 0000",
    "8855 T:4567407890.jpg\n\n22.97"
  ],
  "rewards": [
    1.0,
    1.0
  ]
}