{
  "step": 4039,
  "query": [
    "20341",
    "21082"
  ],
  "response": [
    " to-m 5\n\n25 R2034/R2034 MNG",
    " 1,128 0.986921 1,16 2.0 727"
  ],
  "victim_response": [
    " to-m 5\n\n25 R2034/R2034 MNG",
    " 1,128 0.986921 1,16 2.0 727"
  ],
  "rewards": [
    1.0,
    1.0
  ]
}