{
  "step": 2975,
  "query": [
    "21119",
    "20836"
  ],
  "response": [
    " (9th)\n\n(next) Ixnub M0.",
    "50639L1\",2,8.7,0.522628"
  ],
  "victim_response": [
    " (9th)\n\n(next) Ixnub M0.",
    "50639L1\",2,8.7,0.522628"
  ],
  "rewards": [
    1.0,
    1.0
  ]
}