{
  "step": 508,
  "query": [
    "21262",
    "20925"
  ],
  "response": [
    ".73435-1.278525.1,974.",
    "52 13:34:58 [0] DEBUG - Completed: [C:\\"
  ],
  "victim_response": [
    ".73435-1.278525.1,974.",
    "52 13:34:58 [0] DEBUG - Completed: [C:\\"
  ],
  "rewards": [
    1.0,
    1.0
  ]
}