{
  "step": 2298,
  "query": [
    "21529",
    "21845"
  ],
  "response": [
    "2841:069: TPC L51R1 (0.000000",
    ",62)\n2,3a,2b,2,3c"
  ],
  "victim_response": [
    "2841:069: TPC L51R1 (0.000000",
    ",62)\n2,3a,2b,2,3c"
  ],
  "rewards": [
    1.0,
    1.0
  ]
}