{
  "step": 1129,
  "query": [
    "21145",
    "21393"
  ],
  "response": [
    "29.72600,9,829.7.430810",
    " (5.6) 728 (5.86) (5.8"
  ],
  "victim_response": [
    "29.72600,9,829.7.430810",
    " (5.6) 728 (5.86) (5.8"
  ],
  "rewards": [
    1.0,
    1.0
  ]
}