{
  "step": 4859,
  "query": [
    "20403",
    "21672"
  ],
  "response": [
    ",000 C r3 466.89471 D1 m2 zd",
    "/80033-Hankwolf00_5d5fbddd34"
  ],
  "victim_response": [
    ",000 C r3 466.89471 D1 m2 zd",
    "/80033-Hankwolf00_5d5fbddd34"
  ],
  "rewards": [
    1.0,
    1.0
  ]
}