{
  "step": 1365,
  "query": [
    "20042",
    "21634"
  ],
  "response": [
    ".92633.0_0.MIS_FAC.\n",
    "355535 0.66877082161 0.668770 0"
  ],
  "victim_response": [
    ".92633.0_0.MIS_FAC.\n",
    "355535 0.66877082161 0.668770 0"
  ],
  "rewards": [
    1.0,
    1.0
  ]
}