{
  "step": 700,
  "query": [
    "21888",
    "21547"
  ],
  "response": [
    "\n\nLevel 2 - 20,000\nLevel 3 - 20,000\n",
    ",527.58141457,527.58145814"
  ],
  "victim_response": [
    "\n\nLevel 2 - 20,000\nLevel 3 - 20,000\n",
    ",527.58141457,527.58145814"
  ],
  "rewards": [
    1.0,
    1.0
  ]
}