{
  "step": 3760,
  "query": [
    "20040",
    "21288"
  ],
  "response": [
    ",000,0000.4757645455020 6L 7L",
    "14e09\u2033 \"VOLLETH\"\u306eFaxre-N"
  ],
  "victim_response": [
    ",000,0000.4757645455020 6L 7L",
    "14e09\u2033 \"VOLLETH\"\u306eFaxre-N"
  ],
  "rewards": [
    1.0,
    1.0
  ]
}