{
  "step": 4539,
  "query": [
    "20106",
    "20331"
  ],
  "response": [
    " a0ced07 bed5460e9b06c9a53",
    " a + fresehye/0.000206065 nd2"
  ],
  "victim_response": [
    " a0ced07 bed5460e9b06c9a53",
    " a + fresehye/0.000206065 nd2"
  ],
  "rewards": [
    1.0,
    1.0
  ]
}