{
  "step": 2669,
  "query": [
    "21125",
    "20387"
  ],
  "response": [
    "a5f4a8e7d9be5a0f7",
    "\\\n\n00000002\n\n\n33.084364 bytes\n\n\n"
  ],
  "victim_response": [
    "a5f4a8e7d9be5a0f7",
    "\\\n\n00000002\n\n\n33.084364 bytes\n\n\n"
  ],
  "rewards": [
    1.0,
    1.0
  ]
}