{
  "step": 949,
  "query": [
    "21126",
    "21292"
  ],
  "response": [
    ",0.91903,0.93647,0.9",
    " (7.5),,000.00,000.00,0."
  ],
  "victim_response": [
    ",0.91903,0.93647,0.9",
    " (7.5),,000.00,000.00,0."
  ],
  "rewards": [
    1.0,
    1.0
  ]
}