{
  "step": 1741,
  "query": [
    "20178",
    "20626"
  ],
  "response": [
    " is some of the most amazing stories of our time.\n\nGiants\n",
    "58- 4.098588282592 10.0000653987"
  ],
  "victim_response": [
    " is some of the most amazing stories of our time.\n\nGiants\n",
    "58- 4.098588282592 10.0000653987"
  ],
  "rewards": [
    1.0,
    1.0
  ]
}