{
  "step": 2086,
  "query": [
    "20757",
    "20497"
  ],
  "response": [
    "53, a0a2)\n\n\n~8.1.0",
    "/8-4,45) 0.391297 K -(S"
  ],
  "victim_response": [
    "53, a0a2)\n\n\n~8.1.0",
    "/8-4,45) 0.391297 K -(S"
  ],
  "rewards": [
    1.0,
    1.0
  ]
}