{
  "step": 794,
  "query": [
    "20648",
    "20812"
  ],
  "response": [
    ",\"000\":\"{1.0020649}\",\"s\":\"1.4",
    ",0x3,0.00001,0.000011,0"
  ],
  "victim_response": [
    ",\"000\":\"{1.0020649}\",\"s\":\"1.4",
    ",0x3,0.00001,0.000011,0"
  ],
  "rewards": [
    1.0,
    1.0
  ]
}