{
  "step": 478,
  "query": [
    "21669",
    "20396"
  ],
  "response": [
    "347473,1583.229716,85.0,155",
    "21.html [X11.35.8.5] [X11"
  ],
  "victim_response": [
    "347473,1583.229716,85.0,155",
    "21.html [X11.35.8.5] [X11"
  ],
  "rewards": [
    1.0,
    1.0
  ]
}