{
  "step": 429,
  "query": [
    "20787",
    "21620"
  ],
  "response": [
    ".0000000100918000 -0.0000000100918200 -0",
    ":2:1:1:2:2:2:2:2"
  ],
  "victim_response": [
    ".0000000100918000 -0.0000000100918200 -0",
    ":2:1:1:2:2:2:2:2"
  ],
  "rewards": [
    1.0,
    1.0
  ]
}