{
  "step": 72,
  "query": [
    "21181",
    "20865"
  ],
  "response": [
    ".352289,0.42000128,0.4236",
    "475413245919491801231936375402549"
  ],
  "victim_response": [
    ".352289,0.42000128,0.4236",
    "475413245919491801231936375402549"
  ],
  "rewards": [
    1.0,
    1.0
  ]
}