{
  "step": 1880,
  "query": [
    "21435",
    "21125"
  ],
  "response": [
    "C7B6A9F,\"text\":\"mYGQ8B",
    " 1 4 1312 19 51 109320.000000 Z4738 HGC"
  ],
  "victim_response": [
    "C7B6A9F,\"text\":\"mYGQ8B",
    " 1 4 1312 19 51 109320.000000 Z4738 HGC"
  ],
  "rewards": [
    1.0,
    1.0
  ]
}