{
  "step": 3184,
  "query": [
    "20639",
    "21974"
  ],
  "response": [
    " and $16.83) in all the four areas with the most units in",
    ".9819 0.49186 1337 431 42 2,190 2"
  ],
  "victim_response": [
    " and $16.83) in all the four areas with the most units in",
    ".9819 0.49186 1337 431 42 2,190 2"
  ],
  "rewards": [
    1.0,
    1.0
  ]
}