{
  "step": 217,
  "query": [
    "21839",
    "21267"
  ],
  "response": [
    ",800,1042,100,000,000,10,100,",
    ")\n\n00.186418 -0.191645 -0"
  ],
  "victim_response": [
    ",800,1042,100,000,000,10,100,",
    ")\n\n00.186418 -0.191645 -0"
  ],
  "rewards": [
    1.0,
    1.0
  ]
}