{
  "step": 1219,
  "query": [
    "20245",
    "20047"
  ],
  "response": [
    "-TV-WTF-Nerd-Episodes-Whats-Right",
    "78,032.492847,0.0678719,0"
  ],
  "victim_response": [
    "-TV-WTF-Nerd-Episodes-Whats-Right",
    "78,032.492847,0.0678719,0"
  ],
  "rewards": [
    1.0,
    1.0
  ]
}