{
  "step": 1754,
  "query": [
    "21672",
    "21496"
  ],
  "response": [
    "17.php', 'CM-040829078', '",
    ",0x84618, 0.36121656,0."
  ],
  "victim_response": [
    "17.php', 'CM-040829078', '",
    ",0x84618, 0.36121656,0."
  ],
  "rewards": [
    1.0,
    1.0
  ]
}