{
  "step": 1073,
  "query": [
    "21435",
    "21441"
  ],
  "response": [
    "\\x2F0\\x0\\x4D\\x43\\",
    ",000.00\n\n9.01763 (0.00)"
  ],
  "victim_response": [
    "\\x2F0\\x0\\x4D\\x43\\",
    ",000.00\n\n9.01763 (0.00)"
  ],
  "rewards": [
    1.0,
    1.0
  ]
}