{
  "step": 1927,
  "query": [
    "20916",
    "20812"
  ],
  "response": [
    "77 3.83268078 0.01239252216649\n",
    "\u2033 /\n\n\"Black Magic\" Woven Leather.\n\n\n\""
  ],
  "victim_response": [
    "77 3.83268078 0.01239252216649\n",
    "\u2033 /\n\n\"Black Magic\" Woven Leather.\n\n\n\""
  ],
  "rewards": [
    1.0,
    1.0
  ]
}