{
  "step": 3197,
  "query": [
    "20612",
    "20047"
  ],
  "response": [
    "68.07,122799604,0.09001z991",
    "E8B87CA64F5F73DE6595D7C"
  ],
  "victim_response": [
    "68.07,122799604,0.09001z991",
    "E8B87CA64F5F73DE6595D7C"
  ],
  "rewards": [
    1.0,
    1.0
  ]
}