{
  "step": 145,
  "query": [
    "20639",
    "20411"
  ],
  "response": [
    ".0000.0000000000050000.0000000116000.000000000.",
    "% of the population.\n\nWe can also look at the effect of each"
  ],
  "victim_response": [
    ".0000.0000000000050000.0000000116000.000000000.",
    "% of the population.\n\nWe can also look at the effect of each"
  ],
  "rewards": [
    1.0,
    1.0
  ]
}