{
  "step": 4584,
  "query": [
    "21160",
    "20655"
  ],
  "response": [
    "47C0D0F0D7C8DF8D7D",
    "142.31932537c\", is:\"9997055\" bp"
  ],
  "victim_response": [
    "47C0D0F0D7C8DF8D7D",
    "142.31932537c\", is:\"9997055\" bp"
  ],
  "rewards": [
    1.0,
    1.0
  ]
}