{
  "step": 1562,
  "query": [
    "20836",
    "21796"
  ],
  "response": [
    "000; 1.18000048, 0, 0, 0, 0,",
    "\n\n2899\n\n\n290201\n\n3000\n\n\n"
  ],
  "victim_response": [
    "000; 1.18000048, 0, 0, 0, 0,",
    "\n\n2899\n\n\n290201\n\n3000\n\n\n"
  ],
  "rewards": [
    1.0,
    1.0
  ]
}