{
  "step": 1666,
  "query": [
    "20639",
    "21214"
  ],
  "response": [
    ",1128,0,0.0559086,0,0",
    " n. 9.4 (2) 5.4 (1) 7."
  ],
  "victim_response": [
    ",1128,0,0.0559086,0,0",
    " n. 9.4 (2) 5.4 (1) 7."
  ],
  "rewards": [
    1.0,
    1.0
  ]
}