{
  "step": 3273,
  "query": [
    "20295",
    "21233"
  ],
  "response": [
    "_hivi_1n.tar.fr 0 2013-01-",
    ",0265000,71137.811697850637360"
  ],
  "victim_response": [
    "_hivi_1n.tar.fr 0 2013-01-",
    ",0265000,71137.811697850637360"
  ],
  "rewards": [
    1.0,
    1.0
  ]
}