{
  "step": 3239,
  "query": [
    "21543",
    "20968"
  ],
  "response": [
    "22 / should be on this B\n\nPaullajeik D",
    ",1049.00039 d 7m\u0259,8.977"
  ],
  "victim_response": [
    "22 / should be on this B\n\nPaullajeik D",
    ",1049.00039 d 7m\u0259,8.977"
  ],
  "rewards": [
    1.0,
    1.0
  ]
}