{
  "step": 3003,
  "query": [
    "20762",
    "21669"
  ],
  "response": [
    ".6$000) 90.85014.1$000a59",
    "39, and/or\n\nUZS-2,7-2"
  ],
  "victim_response": [
    ".6$000) 90.85014.1$000a59",
    "39, and/or\n\nUZS-2,7-2"
  ],
  "rewards": [
    1.0,
    1.0
  ]
}