{
  "step": 470,
  "query": [
    "20534",
    "21608"
  ],
  "response": [
    ",L-1).\n\n\"No. 9 is a new era for",
    " 2.8655571 1.652563 1.656555"
  ],
  "victim_response": [
    ",L-1).\n\n\"No. 9 is a new era for",
    " 2.8655571 1.652563 1.656555"
  ],
  "rewards": [
    1.0,
    1.0
  ]
}