{
  "step": 193,
  "query": [
    "21232",
    "21226"
  ],
  "response": [
    " 0.982716 0.9 0.94 0.94 0.",
    ",1,7,6,7,8,9,9,9"
  ],
  "victim_response": [
    " 0.982716 0.9 0.94 0.94 0.",
    ",1,7,6,7,8,9,9,9"
  ],
  "rewards": [
    1.0,
    1.0
  ]
}