{
  "step": 1431,
  "query": [
    "20865",
    "20401"
  ],
  "response": [
    "\n\n8964.00%, $0.00\n\n85.",
    "00.682300} [Lites] (T0801_09"
  ],
  "victim_response": [
    "\n\n8964.00%, $0.00\n\n85.",
    "00.682300} [Lites] (T0801_09"
  ],
  "rewards": [
    1.0,
    1.0
  ]
}