{
  "step": 4367,
  "query": [
    "21441",
    "20257"
  ],
  "response": [
    " year 2142.3437287714833 time 0010186329",
    "a.75DB7F-B015C6A5AC5"
  ],
  "victim_response": [
    " year 2142.3437287714833 time 0010186329",
    "a.75DB7F-B015C6A5AC5"
  ],
  "rewards": [
    1.0,
    1.0
  ]
}