{
  "step": 1744,
  "query": [
    "21839",
    "21209"
  ],
  "response": [
    "36 C.91460363 L.0000004C0 0.000000",
    "7) from Playerunknown(TM) is AWOL!(ItIsP"
  ],
  "victim_response": [
    "36 C.91460363 L.0000004C0 0.000000",
    "7) from Playerunknown(TM) is AWOL!(ItIsP"
  ],
  "rewards": [
    1.0,
    1.0
  ]
}