{
  "step": 1480,
  "query": [
    "20497",
    "20062"
  ],
  "response": [
    ", Z\n\nT: 77912-0154, Z\n\n",
    ",0,0.9,0.9431834.058"
  ],
  "victim_response": [
    ", Z\n\nT: 77912-0154, Z\n\n",
    ",0,0.9,0.9431834.058"
  ],
  "rewards": [
    1.0,
    1.0
  ]
}