{
  "step": 1792,
  "query": [
    "21796",
    "20547"
  ],
  "response": [
    "8887 85700.00000040\n\n% global (5/2",
    ", $2,207, $3,123, $25,24,"
  ],
  "victim_response": [
    "8887 85700.00000040\n\n% global (5/2",
    ", $2,207, $3,123, $25,24,"
  ],
  "rewards": [
    1.0,
    1.0
  ]
}