{
  "step": 2151,
  "query": [
    "20252",
    "21090"
  ],
  "response": [
    "\n\n1245188936 1 0.127536932378",
    "93112615/article.php?story=63.0\n\n"
  ],
  "victim_response": [
    "\n\n1245188936 1 0.127536932378",
    "93112615/article.php?story=63.0\n\n"
  ],
  "rewards": [
    1.0,
    1.0
  ]
}