{
  "step": 685,
  "query": [
    "20925",
    "20138"
  ],
  "response": [
    "25757575,48.0\", \"H3.000000000200",
    "7323671760973100000111011733890157"
  ],
  "victim_response": [
    "25757575,48.0\", \"H3.000000000200",
    "7323671760973100000111011733890157"
  ],
  "rewards": [
    1.0,
    1.0
  ]
}