{
  "step": 3106,
  "query": [
    "20045",
    "20993"
  ],
  "response": [
    "019580} and the 'PR-p7b_fov_",
    ", 0.954925, 1.4, 0.92, 0"
  ],
  "victim_response": [
    "019580} and the 'PR-p7b_fov_",
    ", 0.954925, 1.4, 0.92, 0"
  ],
  "rewards": [
    1.0,
    1.0
  ]
}