{
  "step": 293,
  "query": [
    "21608",
    "21233"
  ],
  "response": [
    "7-0000-4-0.deb1.ltrunk.io",
    "4540\",\"0.589323\",\"0.5.6\",\"0"
  ],
  "victim_response": [
    "7-0000-4-0.deb1.ltrunk.io",
    "4540\",\"0.589323\",\"0.5.6\",\"0"
  ],
  "rewards": [
    1.0,
    1.0
  ]
}